날짜,행사ox,행사명
20170102,x,
20170103,x,
20170104,x,
20170105,x,
20170106,x,
20170107,x,
20170108,x,
20170109,x,
20170110,x,
20170111,x,
20170112,x,
20170113,x,
20170114,x,
20170115,x,
20170116,x,
20170117,x,
20170118,x,
20170119,x,
20170120,x,
20170121,x,
20170122,x,
20170123,x,
20170124,x,
20170125,x,
20170126,x,
20170127,x,
20170128,x,
20170129,x,
20170130,x,
20170131,x,
20170201,x,
20170202,x,
20170203,x,
20170204,x,
20170205,x,
20170206,x,
20170207,x,
20170208,x,
20170209,x,
20170210,x,
20170211,x,
20170212,x,
20170213,x,
20170214,x,
20170215,x,
20170216,x,
20170217,x,
20170218,x,
20170219,x,
20170220,x,
20170221,x,
20170222,x,
20170223,x,
20170224,x,
20170225,x,
20170226,x,
20170227,x,
20170228,x,
20170301,x,
20170302,x,
20170303,x,
20170304,x,
20170305,x,
20170306,x,
20170307,x,
20170308,x,
20170309,x,
20170310,x,
20170311,x,
20170312,x,
20170313,x,
20170314,x,
20170315,x,
20170316,x,
20170317,x,
20170318,x,
20170319,x,
20170320,x,
20170321,x,
20170322,x,
20170323,x,
20170324,x,
20170325,x,
20170326,x,
20170327,x,
20170328,x,
20170329,x,
20170330,x,
20170331,x,
20170401,o,현장체험프로그램 '2017 우리를 찾아온 붉은닭' 
20170402,o,현장체험프로그램 '2017 우리를 찾아온 붉은닭' 
20170403,o,현장체험프로그램 '2017 우리를 찾아온 붉은닭' 
20170404,o,현장체험프로그램 '2017 우리를 찾아온 붉은닭' 
20170405,o,현장체험프로그램 '2017 우리를 찾아온 붉은닭' 
20170406,o,현장체험프로그램 '2017 우리를 찾아온 붉은닭' 
20170407,o,현장체험프로그램 '2017 우리를 찾아온 붉은닭' 
20170408,o,2017 서울대공원 벚꽃축제
20170409,o,2017 서울대공원 벚꽃축제
20170410,o,2017 서울대공원 벚꽃축제
20170411,o,2017 서울대공원 벚꽃축제
20170412,o,2017 서울대공원 벚꽃축제
20170413,o,현장체험프로그램 '2017 우리를 찾아온 붉은닭' 
20170414,o,현장체험프로그램 '2017 우리를 찾아온 붉은닭' 
20170415,o,현장체험프로그램 '2017 우리를 찾아온 붉은닭' 
20170416,x,
20170417,x,
20170418,x,
20170419,x,
20170420,x,
20170421,x,
20170422,o,서울대공원 겹벚꽃 원더풀데이
20170423,o,서울대공원 겹벚꽃 원더풀데이
20170424,x,
20170425,x,
20170426,x,
20170427,x,
20170428,x,
20170429,x,
20170430,x,
20170501,x,
20170502,x,
20170503,x,
20170504,x,
20170505,o,서울대공원 어린이날 행사 '어린이가 주인공'
20170506,x,
20170507,x,
20170508,x,
20170509,x,
20170510,x,
20170511,x,
20170512,o,국립수목원 ‘세밀화로 만나는 우리 산의 식물’ 전시회
20170513,o,국립수목원 ‘세밀화로 만나는 우리 산의 식물’ 전시회
20170514,o,국립수목원 ‘세밀화로 만나는 우리 산의 식물’ 전시회
20170515,o,국립수목원 ‘세밀화로 만나는 우리 산의 식물’ 전시회
20170516,o,국립수목원 ‘세밀화로 만나는 우리 산의 식물’ 전시회
20170517,o,국립수목원 ‘세밀화로 만나는 우리 산의 식물’ 전시회
20170518,o,국립수목원 ‘세밀화로 만나는 우리 산의 식물’ 전시회
20170519,o,국립수목원 ‘세밀화로 만나는 우리 산의 식물’ 전시회
20170520,o,국립수목원 ‘세밀화로 만나는 우리 산의 식물’ 전시회
20170521,o,국립수목원 ‘세밀화로 만나는 우리 산의 식물’ 전시회
20170522,x,
20170523,x,
20170524,x,
20170525,x,
20170526,x,
20170527,o,2017 서울대공원 장미원 축제
20170528,o,2017 서울대공원 장미원 축제
20170529,o,2017 서울대공원 장미원 축제
20170530,o,2017 서울대공원 장미원 축제
20170531,o,2017 서울대공원 장미원 축제
20170601,o,2017 서울대공원 장미원 축제
20170602,o,2017 서울대공원 장미원 축제
20170603,o,서울대공원 '숲 속 콘서트' 
20170604,o,'2017 세계 환경의 날' 기념 행사 
20170605,o,'2017 세계 환경의 날' 기념 행사 
20170606,o,'2017 세계 환경의 날' 기념 행사 
20170607,o,2017 서울대공원 장미원 축제
20170608,o,2017 서울대공원 장미원 축제
20170609,o,2017 서울대공원 장미원 축제
20170610,o,2017 서울대공원 장미원 축제
20170611,o,2017 서울대공원 장미원 축제
20170612,x,
20170613,x,
20170614,x,
20170615,x,
20170616,x,
20170617,x,
20170618,x,
20170619,x,
20170620,x,
20170621,x,
20170622,x,
20170623,x,
20170624,x,
20170625,x,
20170626,x,
20170627,x,
20170628,x,
20170629,x,
20170630,x,
20170701,x,
20170702,x,
20170703,x,
20170704,x,
20170705,x,
20170706,x,
20170707,x,
20170708,x,
20170709,x,
20170710,x,
20170711,x,
20170712,x,
20170713,x,
20170714,x,
20170715,x,
20170716,x,
20170717,x,
20170718,x,
20170719,x,
20170720,x,
20170721,x,
20170722,x,
20170723,x,
20170724,x,
20170725,x,
20170726,x,
20170727,x,
20170728,o,"서울대공원 식물원, 식충식물 전시회"
20170729,o,"서울대공원 식물원, 식충식물 전시회"
20170730,o,"서울대공원 식물원, 식충식물 전시회"
20170731,o,"서울대공원 식물원, 식충식물 전시회"
20170801,o,"서울대공원 식물원, 식충식물 전시회"
20170802,o,"서울대공원 식물원, 식충식물 전시회"
20170803,o,"서울대공원 식물원, 식충식물 전시회"
20170804,o,"서울대공원 식물원, 식충식물 전시회"
20170805,o,"서울대공원 식물원, 식충식물 전시회"
20170806,o,"서울대공원 식물원, 식충식물 전시회"
20170807,o,"서울대공원 식물원, 식충식물 전시회"
20170808,o,"서울대공원 식물원, 식충식물 전시회"
20170809,o,"서울대공원 식물원, 식충식물 전시회"
20170810,o,"서울대공원 식물원, 식충식물 전시회"
20170811,o,"서울대공원 식물원, 식충식물 전시회"
20170812,o,"서울대공원 식물원, 식충식물 전시회"
20170813,o,"서울대공원 식물원, 식충식물 전시회"
20170814,o,"서울대공원 식물원, 식충식물 전시회"
20170815,o,"서울대공원 식물원, 식충식물 전시회"
20170816,o,"서울대공원 식물원, 식충식물 전시회"
20170817,o,"서울대공원 식물원, 식충식물 전시회"
20170818,o,"서울대공원 식물원, 식충식물 전시회"
20170819,o,"서울대공원 식물원, 식충식물 전시회"
20170820,o,한여름밤 반딧불 만나러 동물원으로 오세요~!
20170821,x,
20170822,x,
20170823,x,
20170824,x,
20170825,o,서울대공원 호숫가영화제
20170826,o,서울대공원 호숫가영화제
20170827,o,서울대공원 호숫가영화제
20170828,o,서울대공원 호숫가영화제
20170829,o,서울대공원 호숫가영화제
20170830,o,서울대공원 호숫가영화제
20170831,o,서울대공원 호숫가영화제
20170901,o,서울대공원 호숫가영화제
20170902,o,서울대공원 호숫가영화제
20170903,o,서울대공원 호숫가영화제
20170904,o,서울대공원 호숫가영화제
20170905,o,서울대공원 호숫가영화제
20170906,o,서울대공원 호숫가영화제
20170907,o,서울대공원 호숫가영화제
20170908,o,서울대공원 호숫가영화제
20170909,o,서울대공원 호숫가영화제
20170910,o,서울대공원 호숫가영화제
20170911,x,
20170912,x,
20170913,x,
20170914,x,
20170915,x,
20170916,x,
20170917,x,
20170918,x,
20170919,x,
20170920,o,"숲의 씨앗배달부, '반달가슴곰과 공감나누기'"
20170921,o,"숲의 씨앗배달부, '반달가슴곰과 공감나누기'"
20170922,o,‘세계 코뿔소의 날’ 행사
20170923,o,"숲의 씨앗배달부, '반달가슴곰과 공감나누기'"
20170924,o,"숲의 씨앗배달부, '반달가슴곰과 공감나누기'"
20170925,o,"숲의 씨앗배달부, '반달가슴곰과 공감나누기'"
20170926,o,"숲의 씨앗배달부, '반달가슴곰과 공감나누기'"
20170927,o,"숲의 씨앗배달부, '반달가슴곰과 공감나누기'"
20170928,o,"숲의 씨앗배달부, '반달가슴곰과 공감나누기'"
20170929,o,"숲의 씨앗배달부, '반달가슴곰과 공감나누기'"
20170930,o,"숲의 씨앗배달부, '반달가슴곰과 공감나누기'"
20171001,o,"숲의 씨앗배달부, '반달가슴곰과 공감나누기'"
20171002,o,"숲의 씨앗배달부, '반달가슴곰과 공감나누기'"
20171003,o,"숲의 씨앗배달부, '반달가슴곰과 공감나누기'"
20171004,o,"숲의 씨앗배달부, '반달가슴곰과 공감나누기'"
20171005,o,"숲의 씨앗배달부, '반달가슴곰과 공감나누기'"
20171006,o,"숲의 씨앗배달부, '반달가슴곰과 공감나누기'"
20171007,o,"숲의 씨앗배달부, '반달가슴곰과 공감나누기'"
20171008,o,"숲의 씨앗배달부, '반달가슴곰과 공감나누기'"
20171009,o,"숲의 씨앗배달부, '반달가슴곰과 공감나누기'"
20171010,o,"숲의 씨앗배달부, '반달가슴곰과 공감나누기'"
20171011,o,"숲의 씨앗배달부, '반달가슴곰과 공감나누기'"
20171012,o,"숲의 씨앗배달부, '반달가슴곰과 공감나누기'"
20171013,o,"숲의 씨앗배달부, '반달가슴곰과 공감나누기'"
20171014,o,"숲의 씨앗배달부, '반달가슴곰과 공감나누기'"
20171015,o,2017 서울대공원 가을축제! '동물원 속 미술관' 
20171016,o,2017 서울대공원 가을축제! '동물원 속 미술관' 
20171017,o,2017 서울대공원 가을축제! '동물원 속 미술관' 
20171018,o,2017 서울대공원 가을축제! '동물원 속 미술관' 
20171019,o,2017 서울대공원 가을축제! '동물원 속 미술관' 
20171020,o,2017 서울대공원 가을축제! '동물원 속 미술관' 
20171021,o,2017 서울대공원 가을축제! '동물원 속 미술관' 
20171022,o,2017 서울대공원 가을축제! '동물원 속 미술관' 
20171023,x,
20171024,x,
20171025,x,
20171026,x,
20171027,x,
20171028,o,동물원 할로윈맞이 '동물 행동풍부화' 
20171029,x,
20171030,x,
20171031,x,
20171101,x,
20171102,x,
20171103,x,
20171104,o,동물원 둘레길 행사 '단풍 동물원 한바퀴'
20171105,x,
20171106,x,
20171107,x,
20171108,x,
20171109,x,
20171110,x,
20171111,x,
20171112,x,
20171113,x,
20171114,x,
20171115,x,
20171116,x,
20171117,x,
20171118,x,
20171119,x,
20171120,x,
20171121,x,
20171122,x,
20171123,x,
20171124,x,
20171125,x,
20171126,x,
20171127,x,
20171128,x,
20171129,x,
20171130,x,
20171201,x,
20171202,x,
20171203,x,
20171204,x,
20171205,x,
20171206,x,
20171207,x,
20171208,x,
20171209,x,
20171210,x,
20171211,x,
20171212,x,
20171213,x,
20171214,x,
20171215,o,식물원 '열대식물 전시회' 안내
20171216,o,식물원 '열대식물 전시회' 안내
20171217,o,식물원 '열대식물 전시회' 안내
20171218,o,식물원 '열대식물 전시회' 안내
20171219,o,식물원 '열대식물 전시회' 안내
20171220,o,식물원 '열대식물 전시회' 안내
20171221,o,식물원 '열대식물 전시회' 안내
20171222,o,서울동물원 미래인재 양성교육 전략 세미나 안내
20171223,o,식물원 '열대식물 전시회' 안내
20171224,o,식물원 '열대식물 전시회' 안내
20171225,o,식물원 '열대식물 전시회' 안내
20171226,o,식물원 '열대식물 전시회' 안내
20171227,o,식물원 '열대식물 전시회' 안내
20171228,o,식물원 '열대식물 전시회' 안내
20171229,o,식물원 '열대식물 전시회' 안내
20171230,o,식물원 '열대식물 전시회' 안내
20171231,o,식물원 '열대식물 전시회' 안내
20180101,o,식물원 '열대식물 전시회' 안내
20180102,o,식물원 '열대식물 전시회' 안내
20180103,o,식물원 '열대식물 전시회' 안내
20180104,o,식물원 '열대식물 전시회' 안내
20180105,o,식물원 '열대식물 전시회' 안내
20180106,o,식물원 '열대식물 전시회' 안내
20180107,o,식물원 '열대식물 전시회' 안내
20180108,o,식물원 '열대식물 전시회' 안내
20180109,o,식물원 '열대식물 전시회' 안내
20180110,o,식물원 '열대식물 전시회' 안내
20180111,o,식물원 '열대식물 전시회' 안내
20180112,o,식물원 '열대식물 전시회' 안내
20180113,o,식물원 '열대식물 전시회' 안내
20180114,o,식물원 '열대식물 전시회' 안내
20180115,o,식물원 '열대식물 전시회' 안내
20180116,o,식물원 '열대식물 전시회' 안내
20180117,o,식물원 '열대식물 전시회' 안내
20180118,o,식물원 '열대식물 전시회' 안내
20180119,o,식물원 '열대식물 전시회' 안내
20180120,o,식물원 '열대식물 전시회' 안내
20180121,o,식물원 '열대식물 전시회' 안내
20180122,o,식물원 '열대식물 전시회' 안내
20180123,o,식물원 '열대식물 전시회' 안내
20180124,o,식물원 '열대식물 전시회' 안내
20180125,o,식물원 '열대식물 전시회' 안내
20180126,o,식물원 '열대식물 전시회' 안내
20180127,o,식물원 '열대식물 전시회' 안내
20180128,o,식물원 '열대식물 전시회' 안내
20180129,o,식물원 '열대식물 전시회' 안내
20180130,o,식물원 '열대식물 전시회' 안내
20180131,o,식물원 '열대식물 전시회' 안내
20180201,o,식물원 '열대식물 전시회' 안내
20180202,o,식물원 '열대식물 전시회' 안내
20180203,o,"동물원 종보전 교육프로그램 '너와 함께 할 개(DOG), 내가 더 사랑할 개(DOG)'"
20180204,o,"동물원 종보전 교육프로그램 '너와 함께 할 개(DOG), 내가 더 사랑할 개(DOG)'"
20180205,o,"동물원 종보전 교육프로그램 '너와 함께 할 개(DOG), 내가 더 사랑할 개(DOG)'"
20180206,o,"동물원 종보전 교육프로그램 '너와 함께 할 개(DOG), 내가 더 사랑할 개(DOG)'"
20180207,o,"동물원 종보전 교육프로그램 '너와 함께 할 개(DOG), 내가 더 사랑할 개(DOG)'"
20180208,o,"동물원 종보전 교육프로그램 '너와 함께 할 개(DOG), 내가 더 사랑할 개(DOG)'"
20180209,o,"동물원 종보전 교육프로그램 '너와 함께 할 개(DOG), 내가 더 사랑할 개(DOG)'"
20180210,o,"동물원 종보전 교육프로그램 '너와 함께 할 개(DOG), 내가 더 사랑할 개(DOG)'"
20180211,o,"동물원 종보전 교육프로그램 '너와 함께 할 개(DOG), 내가 더 사랑할 개(DOG)'"
20180212,o,"동물원 종보전 교육프로그램 '너와 함께 할 개(DOG), 내가 더 사랑할 개(DOG)'"
20180213,o,"동물원 종보전 교육프로그램 '너와 함께 할 개(DOG), 내가 더 사랑할 개(DOG)'"
20180214,o,"동물원 종보전 교육프로그램 '너와 함께 할 개(DOG), 내가 더 사랑할 개(DOG)'"
20180215,o,"동물원 종보전 교육프로그램 '너와 함께 할 개(DOG), 내가 더 사랑할 개(DOG)'"
20180216,o,"동물원 종보전 교육프로그램 '너와 함께 할 개(DOG), 내가 더 사랑할 개(DOG)'"
20180217,o,"동물원 종보전 교육프로그램 '너와 함께 할 개(DOG), 내가 더 사랑할 개(DOG)'"
20180218,o,2018 서울대공원 '동물원 설맞이 한마당'
20180219,o,식물원 '열대식물 전시회' 안내
20180220,o,식물원 '열대식물 전시회' 안내
20180221,o,식물원 '열대식물 전시회' 안내
20180222,o,식물원 '열대식물 전시회' 안내
20180223,o,식물원 '열대식물 전시회' 안내
20180224,o,식물원 '열대식물 전시회' 안내
20180225,o,식물원 '열대식물 전시회' 안내
20180226,o,식물원 '열대식물 전시회' 안내
20180227,o,식물원 '열대식물 전시회' 안내
20180228,o,식물원 '열대식물 전시회' 안내
20180301,x,
20180302,x,
20180303,x,
20180304,x,
20180305,x,
20180306,x,
20180307,x,
20180308,x,
20180309,x,
20180310,x,
20180311,x,
20180312,x,
20180313,x,
20180314,x,
20180315,x,
20180316,x,
20180317,x,
20180318,x,
20180319,x,
20180320,x,
20180321,x,
20180322,x,
20180323,x,
20180324,x,
20180325,x,
20180326,x,
20180327,x,
20180328,o,식물표본전시관 '식물도서 기획전'
20180329,o,식물표본전시관 '식물도서 기획전'
20180330,o,식물표본전시관 '식물도서 기획전'
20180331,o,식물표본전시관 '식물도서 기획전'
20180401,o,식물표본전시관 '식물도서 기획전'
20180402,o,식물표본전시관 '식물도서 기획전'
20180403,o,식물표본전시관 '식물도서 기획전'
20180404,o,식물표본전시관 '식물도서 기획전'
20180405,o,식물표본전시관 '식물도서 기획전'
20180406,o,식물표본전시관 '식물도서 기획전'
20180407,o,식물표본전시관 '식물도서 기획전'
20180408,o,식물표본전시관 '식물도서 기획전'
20180409,o,2018 서울대공원 벚꽃축제
20180410,o,2018 서울대공원 벚꽃축제
20180411,o,2018 서울대공원 벚꽃축제
20180412,o,2018 서울대공원 벚꽃축제
20180413,o,2018 서울대공원 벚꽃축제
20180414,o,2018 서울대공원 벚꽃축제
20180415,o,2018 서울대공원 벚꽃축제
20180416,o,2018 서울대공원 벚꽃축제
20180417,o,2018 서울대공원 벚꽃축제
20180418,o,2018 서울대공원 벚꽃축제
20180419,o,2018 서울대공원 벚꽃축제
20180420,o,2018 서울대공원 벚꽃축제
20180421,o,2018 서울대공원 벚꽃축제
20180422,o,2018 서울대공원 벚꽃축제
20180423,x,
20180424,x,
20180425,x,
20180426,x,
20180427,o,남북정상회담 기념 '동물교류 사진전'
20180428,o,남북정상회담 기념 '동물교류 사진전'
20180429,o,남북정상회담 기념 '동물교류 사진전'
20180430,o,남북정상회담 기념 '동물교류 사진전'
20180501,o,남북정상회담 기념 '동물교류 사진전'
20180502,o,남북정상회담 기념 '동물교류 사진전'
20180503,o,남북정상회담 기념 '동물교류 사진전'
20180504,o,남북정상회담 기념 '동물교류 사진전'
20180505,o,서울대공원 어린이 대축제
20180506,o,남북정상회담 기념 '동물교류 사진전'
20180507,o,남북정상회담 기념 '동물교류 사진전'
20180508,o,남북정상회담 기념 '동물교류 사진전'
20180509,o,남북정상회담 기념 '동물교류 사진전'
20180510,o,남북정상회담 기념 '동물교류 사진전'
20180511,o,남북정상회담 기념 '동물교류 사진전'
20180512,o,남북정상회담 기념 '동물교류 사진전'
20180513,o,남북정상회담 기념 '동물교류 사진전'
20180514,o,남북정상회담 기념 '동물교류 사진전'
20180515,o,남북정상회담 기념 '동물교류 사진전'
20180516,o,남북정상회담 기념 '동물교류 사진전'
20180517,o,남북정상회담 기념 '동물교류 사진전'
20180518,o,남북정상회담 기념 '동물교류 사진전'
20180519,o,남북정상회담 기념 '동물교류 사진전'
20180520,o,남북정상회담 기념 '동물교류 사진전'
20180521,o,남북정상회담 기념 '동물교류 사진전'
20180522,o,남북정상회담 기념 '동물교류 사진전'
20180523,o,남북정상회담 기념 '동물교류 사진전'
20180524,o,남북정상회담 기념 '동물교류 사진전'
20180525,o,남북정상회담 기념 '동물교류 사진전'
20180526,o,남북정상회담 기념 '동물교류 사진전'
20180527,o,남북정상회담 기념 '동물교류 사진전'
20180528,o,남북정상회담 기념 '동물교류 사진전'
20180529,o,남북정상회담 기념 '동물교류 사진전'
20180530,o,남북정상회담 기념 '동물교류 사진전'
20180531,o,남북정상회담 기념 '동물교류 사진전'
20180601,o,2018 서울대공원 장미원축제
20180602,o,2018 서울대공원 장미원축제
20180603,o,2018 서울대공원 장미원축제
20180604,o,2018 서울대공원 장미원축제
20180605,o,2018 서울대공원 장미원축제
20180606,o,2018 서울대공원 장미원축제
20180607,o,2018 서울대공원 장미원축제
20180608,o,2018 서울대공원 장미원축제
20180609,o,2018 서울대공원 장미원축제
20180610,o,2018 서울대공원 장미원축제
20180611,x,
20180612,x,
20180613,x,
20180614,x,
20180615,x,
20180616,x,
20180617,x,
20180618,x,
20180619,x,
20180620,x,
20180621,x,
20180622,x,
20180623,x,
20180624,x,
20180625,x,
20180626,x,
20180627,x,
20180628,x,
20180629,o,신기하고 특이한 ‘움직이는 식물 전시회’ 
20180630,o,신기하고 특이한 ‘움직이는 식물 전시회’ 
20180701,o,신기하고 특이한 ‘움직이는 식물 전시회’ 
20180702,o,신기하고 특이한 ‘움직이는 식물 전시회’ 
20180703,o,신기하고 특이한 ‘움직이는 식물 전시회’ 
20180704,o,신기하고 특이한 ‘움직이는 식물 전시회’ 
20180705,o,신기하고 특이한 ‘움직이는 식물 전시회’ 
20180706,o,신기하고 특이한 ‘움직이는 식물 전시회’ 
20180707,o,신기하고 특이한 ‘움직이는 식물 전시회’ 
20180708,o,신기하고 특이한 ‘움직이는 식물 전시회’ 
20180709,o,신기하고 특이한 ‘움직이는 식물 전시회’ 
20180710,o,신기하고 특이한 ‘움직이는 식물 전시회’ 
20180711,o,신기하고 특이한 ‘움직이는 식물 전시회’ 
20180712,o,신기하고 특이한 ‘움직이는 식물 전시회’ 
20180713,o,신기하고 특이한 ‘움직이는 식물 전시회’ 
20180714,o,신기하고 특이한 ‘움직이는 식물 전시회’ 
20180715,o,신기하고 특이한 ‘움직이는 식물 전시회’ 
20180716,o,신기하고 특이한 ‘움직이는 식물 전시회’ 
20180717,o,신기하고 특이한 ‘움직이는 식물 전시회’ 
20180718,o,신기하고 특이한 ‘움직이는 식물 전시회’ 
20180719,o,신기하고 특이한 ‘움직이는 식물 전시회’ 
20180720,o,신기하고 특이한 ‘움직이는 식물 전시회’ 
20180721,o,신기하고 특이한 ‘움직이는 식물 전시회’ 
20180722,o,신기하고 특이한 ‘움직이는 식물 전시회’ 
20180723,o,신기하고 특이한 ‘움직이는 식물 전시회’ 
20180724,o,신기하고 특이한 ‘움직이는 식물 전시회’ 
20180725,o,신기하고 특이한 ‘움직이는 식물 전시회’ 
20180726,o,신기하고 특이한 ‘움직이는 식물 전시회’ 
20180727,o,2018 식충식물 전시회
20180728,o,2018 식충식물 전시회
20180729,o,2018 식충식물 전시회
20180730,o,2018 식충식물 전시회
20180731,o,2018 식충식물 전시회
20180801,o,2018 식충식물 전시회
20180802,o,2018 식충식물 전시회
20180803,o,2018 식충식물 전시회
20180804,o,한여름밤 반딧불 향연
20180805,o,한여름밤 반딧불 향연
20180806,o,한여름밤 반딧불 향연
20180807,o,한여름밤 반딧불 향연
20180808,o,한여름밤 반딧불 향연
20180809,o,한여름밤 반딧불 향연
20180810,o,한여름밤 반딧불 향연
20180811,o,한여름밤 반딧불 향연
20180812,o,한여름밤 반딧불 향연
20180813,o,한여름밤 반딧불 향연
20180814,o,한여름밤 반딧불 향연
20180815,o,한여름밤 반딧불 향연
20180816,o,신기하고 특이한 ‘움직이는 식물 전시회’ 
20180817,o,신기하고 특이한 ‘움직이는 식물 전시회’ 
20180818,o,신기하고 특이한 ‘움직이는 식물 전시회’ 
20180819,o,신기하고 특이한 ‘움직이는 식물 전시회’ 
20180820,o,신기하고 특이한 ‘움직이는 식물 전시회’ 
20180821,o,신기하고 특이한 ‘움직이는 식물 전시회’ 
20180822,o,신기하고 특이한 ‘움직이는 식물 전시회’ 
20180823,o,신기하고 특이한 ‘움직이는 식물 전시회’ 
20180824,o,신기하고 특이한 ‘움직이는 식물 전시회’ 
20180825,o,신기하고 특이한 ‘움직이는 식물 전시회’ 
20180826,o,신기하고 특이한 ‘움직이는 식물 전시회’ 
20180827,o,신기하고 특이한 ‘움직이는 식물 전시회’ 
20180828,o,신기하고 특이한 ‘움직이는 식물 전시회’ 
20180829,o,신기하고 특이한 ‘움직이는 식물 전시회’ 
20180830,o,신기하고 특이한 ‘움직이는 식물 전시회’ 
20180831,o,신기하고 특이한 ‘움직이는 식물 전시회’ 
20180901,o,생태계 지킴이가 사는곳 '늑대숲 여우굴'
20180902,o,생태계 지킴이가 사는곳 '늑대숲 여우굴'
20180903,o,생태계 지킴이가 사는곳 '늑대숲 여우굴'
20180904,o,생태계 지킴이가 사는곳 '늑대숲 여우굴'
20180905,o,생태계 지킴이가 사는곳 '늑대숲 여우굴'
20180906,o,생태계 지킴이가 사는곳 '늑대숲 여우굴'
20180907,o,생태계 지킴이가 사는곳 '늑대숲 여우굴'
20180908,o,생태계 지킴이가 사는곳 '늑대숲 여우굴'
20180909,o,생태계 지킴이가 사는곳 '늑대숲 여우굴'
20180910,o,생태계 지킴이가 사는곳 '늑대숲 여우굴'
20180911,o,생태계 지킴이가 사는곳 '늑대숲 여우굴'
20180912,o,생태계 지킴이가 사는곳 '늑대숲 여우굴'
20180913,o,생태계 지킴이가 사는곳 '늑대숲 여우굴'
20180914,o,생태계 지킴이가 사는곳 '늑대숲 여우굴'
20180915,o,생태계 지킴이가 사는곳 '늑대숲 여우굴'
20180916,o,신기하고 특이한 ‘움직이는 식물 전시회’ 
20180917,o,신기하고 특이한 ‘움직이는 식물 전시회’ 
20180918,o,3차 남북정상회담 성공기원 '서울-평양 210'
20180919,o,3차 남북정상회담 성공기원 '서울-평양 210'
20180920,o,3차 남북정상회담 성공기원 '서울-평양 210'
20180921,o,3차 남북정상회담 성공기원 '서울-평양 210'
20180922,o,3차 남북정상회담 성공기원 '서울-평양 210'
20180923,o,3차 남북정상회담 성공기원 '서울-평양 210'
20180924,o,3차 남북정상회담 성공기원 '서울-평양 210'
20180925,o,3차 남북정상회담 성공기원 '서울-평양 210'
20180926,o,3차 남북정상회담 성공기원 '서울-평양 210'
20180927,o,3차 남북정상회담 성공기원 '서울-평양 210'
20180928,o,3차 남북정상회담 성공기원 '서울-평양 210'
20180929,o,3차 남북정상회담 성공기원 '서울-평양 210'
20180930,o,3차 남북정상회담 성공기원 '서울-평양 210'
20181001,o,2018년 서울동물원 대탐험(1박 2일 가족캠프) 미션! ANI-Code를 찾아라!
20181002,o,2018년 서울동물원 대탐험(1박 2일 가족캠프) 미션! ANI-Code를 찾아라!
20181003,o,2018년 서울동물원 대탐험(1박 2일 가족캠프) 미션! ANI-Code를 찾아라!
20181004,o,2018년 서울동물원 대탐험(1박 2일 가족캠프) 미션! ANI-Code를 찾아라!
20181005,o,2018년 서울동물원 대탐험(1박 2일 가족캠프) 미션! ANI-Code를 찾아라!
20181006,o,2018년 서울동물원 대탐험(1박 2일 가족캠프) 미션! ANI-Code를 찾아라!
20181007,o,2018년 서울동물원 대탐험(1박 2일 가족캠프) 미션! ANI-Code를 찾아라!
20181008,o,2018년 서울동물원 대탐험(1박 2일 가족캠프) 미션! ANI-Code를 찾아라!
20181009,o,서울대공원 '숲 속 콘서트'
20181010,o,2018 서울대공원 가을축제! '동물원 속 미술관' 
20181011,o,2018 서울대공원 가을축제! '동물원 속 미술관' 
20181012,o,2018 서울대공원 가을축제! '동물원 속 미술관' 
20181013,o,2018 서울대공원 가을축제! '동물원 속 미술관' 
20181014,o,2018 서울대공원 가을축제! '동물원 속 미술관' 
20181015,o,2018 서울대공원 가을축제! '동물원 속 미술관' 
20181016,o,2018 서울대공원 가을축제! '동물원 속 미술관' 
20181017,o,2018 서울대공원 가을축제! '동물원 속 미술관' 
20181018,o,2018 서울대공원 가을축제! '동물원 속 미술관' 
20181019,o,2018 서울대공원 가을축제! '동물원 속 미술관' 
20181020,o,2018 서울대공원 가을축제! '동물원 속 미술관' 
20181021,o,2018 서울대공원 가을축제! '동물원 속 미술관' 
20181022,o,신기하고 특이한 ‘움직이는 식물 전시회’ 
20181023,o,신기하고 특이한 ‘움직이는 식물 전시회’ 
20181024,o,신기하고 특이한 ‘움직이는 식물 전시회’ 
20181025,o,신기하고 특이한 ‘움직이는 식물 전시회’ 
20181026,o,신기하고 특이한 ‘움직이는 식물 전시회’ 
20181027,o,신기하고 특이한 ‘움직이는 식물 전시회’ 
20181028,o,신기하고 특이한 ‘움직이는 식물 전시회’ 
20181029,o,신기하고 특이한 ‘움직이는 식물 전시회’ 
20181030,o,신기하고 특이한 ‘움직이는 식물 전시회’ 
20181031,o,신기하고 특이한 ‘움직이는 식물 전시회’ 
20181101,o,신기하고 특이한 ‘움직이는 식물 전시회’ 
20181102,o,신기하고 특이한 ‘움직이는 식물 전시회’ 
20181103,o,신기하고 특이한 ‘움직이는 식물 전시회’ 
20181104,o,신기하고 특이한 ‘움직이는 식물 전시회’ 
20181105,o,신기하고 특이한 ‘움직이는 식물 전시회’ 
20181106,o,신기하고 특이한 ‘움직이는 식물 전시회’ 
20181107,o,신기하고 특이한 ‘움직이는 식물 전시회’ 
20181108,o,신기하고 특이한 ‘움직이는 식물 전시회’ 
20181109,o,신기하고 특이한 ‘움직이는 식물 전시회’ 
20181110,o,신기하고 특이한 ‘움직이는 식물 전시회’ 
20181111,o,신기하고 특이한 ‘움직이는 식물 전시회’ 
20181112,o,신기하고 특이한 ‘움직이는 식물 전시회’ 
20181113,o,신기하고 특이한 ‘움직이는 식물 전시회’ 
20181114,o,신기하고 특이한 ‘움직이는 식물 전시회’ 
20181115,o,신기하고 특이한 ‘움직이는 식물 전시회’ 
20181116,o,신기하고 특이한 ‘움직이는 식물 전시회’ 
20181117,o,신기하고 특이한 ‘움직이는 식물 전시회’ 
20181118,o,신기하고 특이한 ‘움직이는 식물 전시회’ 
20181119,o,신기하고 특이한 ‘움직이는 식물 전시회’ 
20181120,o,신기하고 특이한 ‘움직이는 식물 전시회’ 
20181121,o,신기하고 특이한 ‘움직이는 식물 전시회’ 
20181122,o,신기하고 특이한 ‘움직이는 식물 전시회’ 
20181123,o,신기하고 특이한 ‘움직이는 식물 전시회’ 
20181124,o,신기하고 특이한 ‘움직이는 식물 전시회’ 
20181125,o,신기하고 특이한 ‘움직이는 식물 전시회’ 
20181126,o,신기하고 특이한 ‘움직이는 식물 전시회’ 
20181127,o,신기하고 특이한 ‘움직이는 식물 전시회’ 
20181128,o,신기하고 특이한 ‘움직이는 식물 전시회’ 
20181129,o,신기하고 특이한 ‘움직이는 식물 전시회’ 
20181130,o,신기하고 특이한 ‘움직이는 식물 전시회’ 
20181201,x,
20181202,x,
20181203,x,
20181204,x,
20181205,x,
20181206,x,
20181207,x,
20181208,x,
20181209,x,
20181210,x,
20181211,x,
20181212,x,
20181213,x,
20181214,x,
20181215,x,
20181216,x,
20181217,x,
20181218,x,
20181219,x,
20181220,x,
20181221,x,
20181222,x,
20181223,x,
20181224,x,
20181225,x,
20181226,x,
20181227,x,
20181228,x,
20181229,x,
20181230,x,
20181231,x,
20190101,x,
20190102,x,
20190103,x,
20190104,x,
20190105,x,
20190106,x,
20190107,x,
20190108,x,
20190109,x,
20190110,x,
20190111,x,
20190112,x,
20190113,x,
20190114,x,
20190115,x,
20190116,x,
20190117,x,
20190118,x,
20190119,x,
20190120,x,
20190121,x,
20190122,x,
20190123,x,
20190124,x,
20190125,x,
20190126,x,
20190127,x,
20190128,x,
20190129,x,
20190130,x,
20190131,x,
20190201,x,
20190202,o,기(己)막히게 해(亥)내면 돼지
20190203,o,기(己)막히게 해(亥)내면 돼지
20190204,o,기(己)막히게 해(亥)내면 돼지
20190205,o,기(己)막히게 해(亥)내면 돼지
20190206,o,기(己)막히게 해(亥)내면 돼지
20190207,x,
20190208,x,
20190209,x,
20190210,x,
20190211,x,
20190212,x,
20190213,x,
20190214,x,
20190215,x,
20190216,x,
20190217,x,
20190218,x,
20190219,x,
20190220,x,
20190221,x,
20190222,x,
20190223,x,
20190224,x,
20190225,x,
20190226,x,
20190227,x,
20190228,x,
20190301,x,
20190302,x,
20190303,x,
20190304,x,
20190305,x,
20190306,x,
20190307,x,
20190308,x,
20190309,x,
20190310,x,
20190311,x,
20190312,x,
20190313,x,
20190314,x,
20190315,x,
20190316,x,
20190317,x,
20190318,x,
20190319,x,
20190320,x,
20190321,x,
20190322,x,
20190323,x,
20190324,x,
20190325,x,
20190326,x,
20190327,x,
20190328,x,
20190329,x,
20190330,x,
20190331,x,
20190401,x,
20190402,x,
20190403,x,
20190404,x,
20190405,x,
20190406,o,2019 서울대공원 벚꽃축제
20190407,o,2019 서울대공원 벚꽃축제
20190408,o,2019 서울대공원 벚꽃축제
20190409,o,2019 서울대공원 벚꽃축제
20190410,o,2019 서울대공원 벚꽃축제
20190411,o,2019 서울대공원 벚꽃축제
20190412,o,2019 서울대공원 벚꽃축제
20190413,o,2019 서울대공원 벚꽃축제
20190414,o,2019 서울대공원 벚꽃축제
20190415,o,2019 서울대공원 벚꽃축제
20190416,o,2019 서울대공원 벚꽃축제
20190417,o,2019 서울대공원 벚꽃축제
20190418,o,2019 서울대공원 벚꽃축제
20190419,o,2019 서울대공원 벚꽃축제
20190420,o,2019 서울대공원 벚꽃축제
20190421,o,2019 서울대공원 벚꽃축제
20190422,x,
20190423,x,
20190424,x,
20190425,x,
20190426,x,
20190427,x,
20190428,x,
20190429,x,
20190430,x,
20190501,x,
20190502,x,
20190503,x,
20190504,x,
20190505,o,[어린이날 기념행사]서울대공원 '어린이 세상'
20190506,x,
20190507,x,
20190508,x,
20190509,x,
20190510,o,아프리카 왕좌의 게임
20190511,o,아프리카 왕좌의 게임
20190512,o,아프리카 왕좌의 게임
20190513,o,아프리카 왕좌의 게임
20190514,o,아프리카 왕좌의 게임
20190515,o,아프리카 왕좌의 게임
20190516,o,아프리카 왕좌의 게임
20190517,o,아프리카 왕좌의 게임
20190518,o,'세계 생물다양성의 날' 기념 교육행사
20190519,o,'세계 생물다양성의 날' 기념 교육행사
20190520,o,'세계 생물다양성의 날' 기념 교육행사
20190521,o,'세계 생물다양성의 날' 기념 교육행사
20190522,o,'세계 생물다양성의 날' 기념 교육행사
20190523,x,
20190524,x,
20190525,o,2019 서울대공원 장미원축제
20190526,o,2019 서울대공원 장미원축제
20190527,o,2019 서울대공원 장미원축제
20190528,o,2019 서울대공원 장미원축제
20190529,o,2019 서울대공원 장미원축제
20190530,o,2019 서울대공원 장미원축제
20190531,o,2019 서울대공원 장미원축제
20190601,o,2019 서울대공원 장미원축제
20190602,o,2019 서울대공원 장미원축제
20190603,o,2019 서울대공원 장미원축제
20190604,o,2019 서울대공원 장미원축제
20190605,o,2019 서울대공원 장미원축제
20190606,o,'2019 세계 환경의 날' 기념 교육행사
20190607,o,'2019 세계 환경의 날' 기념 교육행사
20190608,o,2019 서울대공원 장미원축제
20190609,o,2019 서울대공원 장미원축제
20190610,x,
20190611,x,
20190612,x,
20190613,x,
20190614,x,
20190615,x,
20190616,x,
20190617,x,
20190618,x,
20190619,o,신기하게 '움직이는 식물전시회'
20190620,o,신기하게 '움직이는 식물전시회'
20190621,o,신기하게 '움직이는 식물전시회'
20190622,o,신기하게 '움직이는 식물전시회'
20190623,o,신기하게 '움직이는 식물전시회'
20190624,o,신기하게 '움직이는 식물전시회'
20190625,o,신기하게 '움직이는 식물전시회'
20190626,o,신기하게 '움직이는 식물전시회'
20190627,o,신기하게 '움직이는 식물전시회'
20190628,o,신기하게 '움직이는 식물전시회'
20190629,o,신기하게 '움직이는 식물전시회'
20190630,o,신기하게 '움직이는 식물전시회'
20190701,x,
20190702,x,
20190703,x,
20190704,x,
20190705,x,
20190706,x,
20190707,x,
20190708,x,
20190709,x,
20190710,x,
20190711,x,
20190712,x,
20190713,x,
20190714,x,
20190715,x,
20190716,x,
20190717,x,
20190718,x,
20190719,x,
20190720,x,
20190721,x,
20190722,x,
20190723,x,
20190724,x,
20190725,x,
20190726,o,2019 식충식물 전시회
20190727,o,2019 식충식물 전시회
20190728,o,2019 식충식물 전시회
20190729,o,2019 식충식물 전시회
20190730,o,2019 식충식물 전시회
20190731,o,2019 식충식물 전시회
20190801,o,2019 식충식물 전시회
20190802,o,2019 식충식물 전시회
20190803,o,2019 식충식물 전시회
20190804,o,2019 식충식물 전시회
20190805,o,2019 식충식물 전시회
20190806,o,2019 식충식물 전시회
20190807,o,2019 식충식물 전시회
20190808,o,2019 식충식물 전시회
20190809,o,2019 식충식물 전시회
20190810,o,2019 식충식물 전시회
20190811,o,2019 식충식물 전시회
20190812,o,2019 식충식물 전시회
20190813,o,2019 식충식물 전시회
20190814,o,2019 식충식물 전시회
20190815,o,2019 식충식물 전시회
20190816,o,2019 식충식물 전시회
20190817,o,2019 식충식물 전시회
20190818,o,2019 식충식물 전시회
20190819,x,
20190820,x,
20190821,x,
20190822,x,
20190823,x,
20190824,x,
20190825,x,
20190826,x,
20190827,x,
20190828,x,
20190829,x,
20190830,x,
20190831,x,
20190901,x,
20190902,x,
20190903,x,
20190904,x,
20190905,x,
20190906,x,
20190907,x,
20190908,x,
20190909,x,
20190910,x,
20190911,x,
20190912,x,
20190913,o,2019 동물원 한가위 한마당
20190914,o,2019 동물원 한가위 한마당
20190915,o,2019 동물원 한가위 한마당
20190916,x,
20190917,x,
20190918,x,
20190919,x,
20190920,x,
20190921,o,2019년 서울동물원 1박 2일 캠프
20190922,o,2019년 서울동물원 1박 2일 캠프
20190923,o,2019년 서울동물원 1박 2일 캠프
20190924,o,2019년 서울동물원 1박 2일 캠프
20190925,o,2019년 서울동물원 1박 2일 캠프
20190926,o,2019년 서울동물원 1박 2일 캠프
20190927,o,2019년 서울동물원 1박 2일 캠프
20190928,o,2019년 서울동물원 1박 2일 캠프
20190929,o,2019년 서울동물원 1박 2일 캠프
20190930,o,2019년 서울동물원 1박 2일 캠프
20191001,o,"달빛이 내리는 밤의 세계로, 야행동물관"
20191002,o,"달빛이 내리는 밤의 세계로, 야행동물관"
20191003,o,"달빛이 내리는 밤의 세계로, 야행동물관"
20191004,o,"달빛이 내리는 밤의 세계로, 야행동물관"
20191005,o,"달빛이 내리는 밤의 세계로, 야행동물관"
20191006,x,
20191007,x,
20191008,x,
20191009,o,제4회 동물원 속 미술관
20191010,o,제4회 동물원 속 미술관
20191011,o,제4회 동물원 속 미술관
20191012,o,제4회 동물원 속 미술관
20191013,o,제4회 동물원 속 미술관
20191014,o,제4회 동물원 속 미술관
20191015,o,제4회 동물원 속 미술관
20191016,o,제4회 동물원 속 미술관
20191017,o,제4회 동물원 속 미술관
20191018,o,제4회 동물원 속 미술관
20191019,o,제4회 동물원 속 미술관
20191020,o,제4회 동물원 속 미술관
20191021,x,
20191022,x,
20191023,x,
20191024,x,
20191025,x,
20191026,x,
20191027,x,
20191028,x,
20191029,x,
20191030,x,
20191031,x,
20191101,x,
20191102,x,
20191103,x,
20191104,x,
20191105,x,
20191106,x,
20191107,x,
20191108,x,
20191109,x,
20191110,x,
20191111,x,
20191112,x,
20191113,x,
20191114,x,
20191115,x,
20191116,x,
20191117,x,
20191118,x,
20191119,o,'우리들의 시간' 서울대공원 사진특별전
20191120,o,'우리들의 시간' 서울대공원 사진특별전
20191121,o,'우리들의 시간' 서울대공원 사진특별전
20191122,o,'우리들의 시간' 서울대공원 사진특별전
20191123,o,'우리들의 시간' 서울대공원 사진특별전
20191124,o,'우리들의 시간' 서울대공원 사진특별전
20191125,o,'우리들의 시간' 서울대공원 사진특별전
20191126,o,꽃과 식물로 만나는 크리스마스 전시 
20191127,o,꽃과 식물로 만나는 크리스마스 전시 
20191128,o,꽃과 식물로 만나는 크리스마스 전시 
20191129,o,꽃과 식물로 만나는 크리스마스 전시 
20191130,o,꽃과 식물로 만나는 크리스마스 전시 
20191201,o,꽃과 식물로 만나는 크리스마스 전시 
20191202,o,꽃과 식물로 만나는 크리스마스 전시 
20191203,o,꽃과 식물로 만나는 크리스마스 전시 
20191204,o,꽃과 식물로 만나는 크리스마스 전시 
20191205,o,꽃과 식물로 만나는 크리스마스 전시 
20191206,o,꽃과 식물로 만나는 크리스마스 전시 
20191207,o,꽃과 식물로 만나는 크리스마스 전시 
20191208,o,꽃과 식물로 만나는 크리스마스 전시 
20191209,o,꽃과 식물로 만나는 크리스마스 전시 
20191210,o,꽃과 식물로 만나는 크리스마스 전시 
20191211,o,꽃과 식물로 만나는 크리스마스 전시 
20191212,o,꽃과 식물로 만나는 크리스마스 전시 
20191213,o,꽃과 식물로 만나는 크리스마스 전시 
20191214,o,꽃과 식물로 만나는 크리스마스 전시 
20191215,o,꽃과 식물로 만나는 크리스마스 전시 
20191216,o,꽃과 식물로 만나는 크리스마스 전시 
20191217,o,꽃과 식물로 만나는 크리스마스 전시 
20191218,o,꽃과 식물로 만나는 크리스마스 전시 
20191219,o,꽃과 식물로 만나는 크리스마스 전시 
20191220,o,꽃과 식물로 만나는 크리스마스 전시 
20191221,o,꽃과 식물로 만나는 크리스마스 전시 
20191222,o,꽃과 식물로 만나는 크리스마스 전시 
20191223,o,꽃과 식물로 만나는 크리스마스 전시 
20191224,o,꽃과 식물로 만나는 크리스마스 전시 
20191225,o,꽃과 식물로 만나는 크리스마스 전시 
20191226,o,꽃과 식물로 만나는 크리스마스 전시 
20191227,o,꽃과 식물로 만나는 크리스마스 전시 
20191228,o,꽃과 식물로 만나는 크리스마스 전시 
20191229,o,꽃과 식물로 만나는 크리스마스 전시 
20191230,o,꽃과 식물로 만나는 크리스마스 전시 
20191231,o,꽃과 식물로 만나는 크리스마스 전시 
20200101,x,
20200102,x,
20200103,x,
20200104,x,
20200105,x,
20200106,x,
20200107,x,
20200108,x,
20200109,x,
20200110,x,
20200111,x,
20200112,x,
20200113,x,
20200114,x,
20200115,x,
20200116,x,
20200117,x,
20200118,x,
20200119,x,
20200120,x,
20200121,x,
20200122,o,2020년 첫 교육행사 '경사스러운 올해 자신있쥐!' 
20200123,o,2020년 첫 교육행사 '경사스러운 올해 자신있쥐!' 
20200124,o,2020년 첫 교육행사 '경사스러운 올해 자신있쥐!' 
20200125,o,2020년 첫 교육행사 '경사스러운 올해 자신있쥐!' 
20200126,o,2020년 첫 교육행사 '경사스러운 올해 자신있쥐!' 
20200127,x,
20200128,x,
20200129,x,
20200130,x,
20200131,x,
20200201,x,
20200202,x,
20200203,x,
20200204,x,
20200205,x,
20200206,x,
20200207,x,
20200208,x,
20200209,x,
20200210,x,
20200211,x,
20200212,x,
20200213,x,
20200214,x,
20200215,x,
20200216,x,
20200217,x,
20200218,x,
20200219,x,
20200220,x,
20200221,x,
20200222,x,
20200223,x,
20200224,x,
20200225,x,
20200226,x,
20200227,x,
20200228,x,
20200229,x,
20200301,x,
20200302,x,
20200303,x,
20200304,x,
20200305,x,
20200306,x,
20200307,x,
20200308,x,
20200309,x,
20200310,x,
20200311,x,
20200312,x,
20200313,x,
20200314,x,
20200315,x,
20200316,x,
20200317,x,
20200318,x,
20200319,x,
20200320,x,
20200321,x,
20200322,x,
20200323,x,
20200324,x,
20200325,x,
20200326,x,
20200327,x,
20200328,x,
20200329,x,
20200330,x,
20200331,x,
20200401,x,
20200402,x,
20200403,x,
20200404,x,
20200405,x,
20200406,x,
20200407,x,
20200408,x,
20200409,x,
20200410,x,
20200411,x,
20200412,x,
20200413,x,
20200414,x,
20200415,x,
20200416,x,
20200417,x,
20200418,x,
20200419,x,
20200420,x,
20200421,x,
20200422,x,
20200423,x,
20200424,x,
20200425,x,
20200426,x,
20200427,x,
20200428,x,
20200429,x,
20200430,x,
20200501,x,
20200502,x,
20200503,x,
20200504,x,
20200505,x,
20200506,x,
20200507,x,
20200508,x,
20200509,x,
20200510,x,
20200511,x,
20200512,x,
20200513,x,
20200514,x,
20200515,x,
20200516,x,
20200517,x,
20200518,x,
20200519,x,
20200520,x,
20200521,x,
20200522,x,
20200523,x,
20200524,x,
20200525,x,
20200526,x,
20200527,x,
20200528,x,
20200529,x,
20200530,x,
20200531,x,
20200601,x,
20200602,x,
20200603,x,
20200604,x,
20200605,x,
20200606,x,
20200607,x,
20200608,x,
20200609,x,
20200610,x,
20200611,x,
20200612,x,
20200613,x,
20200614,x,
20200615,x,
20200616,x,
20200617,x,
20200618,x,
20200619,x,
20200620,x,
20200621,x,
20200622,x,
20200623,x,
20200624,x,
20200625,x,
20200626,x,
20200627,x,
20200628,x,
20200629,x,
20200630,x,
20200701,x,
20200702,x,
20200703,x,
20200704,x,
20200705,x,
20200706,x,
20200707,x,
20200708,x,
20200709,x,
20200710,x,
20200711,x,
20200712,x,
20200713,x,
20200714,x,
20200715,x,
20200716,x,
20200717,x,
20200718,x,
20200719,x,
20200720,x,
20200721,x,
20200722,x,
20200723,x,
20200724,x,
20200725,x,
20200726,x,
20200727,x,
20200728,x,
20200729,x,
20200730,x,
20200731,x,
20200801,x,
20200802,x,
20200803,x,
20200804,x,
20200805,x,
20200806,x,
20200807,x,
20200808,x,
20200809,x,
20200810,x,
20200811,x,
20200812,x,
20200813,x,
20200814,x,
20200815,x,
20200816,x,
20200817,x,
20200818,x,
20200819,x,
20200820,x,
20200821,x,
20200822,x,
20200823,x,
20200824,x,
20200825,x,
20200826,x,
20200827,x,
20200828,x,
20200829,x,
20200830,x,
20200831,x,
20200901,x,
20200902,x,
20200903,x,
20200904,x,
20200905,x,
20200906,x,
20200907,x,
20200908,x,
20200909,x,
20200910,x,
20200911,x,
20200912,x,
20200913,x,
20200914,x,
20200915,x,
20200916,x,
20200917,x,
20200918,x,
20200919,x,
20200920,x,
20200921,x,
20200922,x,
20200923,x,
20200924,x,
20200925,x,
20200926,x,
20200927,x,
20200928,x,
20200929,x,
20200930,x,
20201001,x,
20201002,x,
20201003,x,
20201004,x,
20201005,x,
20201006,x,
20201007,x,
20201008,x,
20201009,x,
20201010,x,
20201011,x,
20201012,x,
20201013,x,
20201014,x,
20201015,x,
20201016,x,
20201017,x,
20201018,x,
20201019,x,
20201020,x,
20201021,x,
20201022,o,스탬프 찍으며~ 구석구석 동물원 세계여행! 
20201023,o,스탬프 찍으며~ 구석구석 동물원 세계여행! 
20201024,o,스탬프 찍으며~ 구석구석 동물원 세계여행! 
20201025,o,스탬프 찍으며~ 구석구석 동물원 세계여행! 
20201026,o,스탬프 찍으며~ 구석구석 동물원 세계여행! 
20201027,o,스탬프 찍으며~ 구석구석 동물원 세계여행! 
20201028,o,스탬프 찍으며~ 구석구석 동물원 세계여행! 
20201029,o,스탬프 찍으며~ 구석구석 동물원 세계여행! 
20201030,o,스탬프 찍으며~ 구석구석 동물원 세계여행! 
20201031,o,스탬프 찍으며~ 구석구석 동물원 세계여행! 
20201101,o,스탬프 찍으며~ 구석구석 동물원 세계여행! 
20201102,o,스탬프 찍으며~ 구석구석 동물원 세계여행! 
20201103,o,스탬프 찍으며~ 구석구석 동물원 세계여행! 
20201104,o,스탬프 찍으며~ 구석구석 동물원 세계여행! 
20201105,o,스탬프 찍으며~ 구석구석 동물원 세계여행! 
20201106,o,스탬프 찍으며~ 구석구석 동물원 세계여행! 
20201107,o,스탬프 찍으며~ 구석구석 동물원 세계여행! 
20201108,o,스탬프 찍으며~ 구석구석 동물원 세계여행! 
20201109,o,스탬프 찍으며~ 구석구석 동물원 세계여행! 
20201110,o,스탬프 찍으며~ 구석구석 동물원 세계여행! 
20201111,o,스탬프 찍으며~ 구석구석 동물원 세계여행! 
20201112,o,스탬프 찍으며~ 구석구석 동물원 세계여행! 
20201113,o,스탬프 찍으며~ 구석구석 동물원 세계여행! 
20201114,o,스탬프 찍으며~ 구석구석 동물원 세계여행! 
20201115,o,제5회 서울대공원 '숲 속 콘서트'
20201116,o,제5회 서울대공원 '숲 속 콘서트'
20201117,o,제5회 서울대공원 '숲 속 콘서트'
20201118,o,제5회 서울대공원 '숲 속 콘서트'
20201119,o,제5회 서울대공원 '숲 속 콘서트'
20201120,o,제5회 서울대공원 '숲 속 콘서트'
20201121,o,제5회 서울대공원 '숲 속 콘서트'
20201122,o,제5회 서울대공원 '숲 속 콘서트'
20201123,o,제5회 서울대공원 '숲 속 콘서트'
20201124,o,제5회 서울대공원 '숲 속 콘서트'
20201125,o,제5회 서울대공원 '숲 속 콘서트'
20201126,o,제5회 서울대공원 '숲 속 콘서트'
20201127,o,제5회 서울대공원 '숲 속 콘서트'
20201128,o,제5회 서울대공원 '숲 속 콘서트'
20201129,o,제5회 서울대공원 '숲 속 콘서트'
20201130,o,제5회 서울대공원 '숲 속 콘서트'
20201201,x,
20201202,x,
20201203,o,제5회 동물원 속 미술관
20201204,o,제5회 동물원 속 미술관
20201205,o,제5회 동물원 속 미술관
20201206,o,제5회 동물원 속 미술관
20201207,o,제5회 동물원 속 미술관
20201208,o,제5회 동물원 속 미술관
20201209,o,제5회 동물원 속 미술관
20201210,o,제5회 동물원 속 미술관
20201211,o,제5회 동물원 속 미술관
20201212,o,제5회 동물원 속 미술관
20201213,o,제5회 동물원 속 미술관
20201214,o,제5회 동물원 속 미술관
20201215,o,제5회 동물원 속 미술관
20201216,o,제5회 동물원 속 미술관
20201217,o,제5회 동물원 속 미술관
20201218,o,제5회 동물원 속 미술관
20201219,o,제5회 동물원 속 미술관
20201220,o,제5회 동물원 속 미술관
20201221,o,제5회 동물원 속 미술관
20201222,o,제5회 동물원 속 미술관
20201223,o,제5회 동물원 속 미술관
20201224,o,제5회 동물원 속 미술관
20201225,o,2021 신축년 맞이 야외조각 전시회 '해피 뉴 21'
20201226,o,2021 신축년 맞이 야외조각 전시회 '해피 뉴 21'
20201227,o,2021 신축년 맞이 야외조각 전시회 '해피 뉴 21'
20201228,o,2021 신축년 맞이 야외조각 전시회 '해피 뉴 21'
20201229,o,2021 신축년 맞이 야외조각 전시회 '해피 뉴 21'
20201230,o,2021 신축년 맞이 야외조각 전시회 '해피 뉴 21'
20201231,o,2021 신축년 맞이 야외조각 전시회 '해피 뉴 21'
20210101,o,2021 신축년 맞이 야외조각 전시회 '해피 뉴 21'
20210102,o,2021 신축년 맞이 야외조각 전시회 '해피 뉴 21'
20210103,o,2021 신축년 맞이 야외조각 전시회 '해피 뉴 21'
20210104,o,2021 신축년 맞이 야외조각 전시회 '해피 뉴 21'
20210105,o,2021 신축년 맞이 야외조각 전시회 '해피 뉴 21'
20210106,o,2021 신축년 맞이 야외조각 전시회 '해피 뉴 21'
20210107,o,2021 신축년 맞이 야외조각 전시회 '해피 뉴 21'
20210108,o,2021 신축년 맞이 야외조각 전시회 '해피 뉴 21'
20210109,o,2021 신축년 맞이 야외조각 전시회 '해피 뉴 21'
20210110,o,2021 신축년 맞이 야외조각 전시회 '해피 뉴 21'
20210111,o,2021 신축년 맞이 야외조각 전시회 '해피 뉴 21'
20210112,o,2021 신축년 맞이 야외조각 전시회 '해피 뉴 21'
20210113,o,2021 신축년 맞이 야외조각 전시회 '해피 뉴 21'
20210114,o,2021 신축년 맞이 야외조각 전시회 '해피 뉴 21'
20210115,o,2021 신축년 맞이 야외조각 전시회 '해피 뉴 21'
20210116,o,2021 신축년 맞이 야외조각 전시회 '해피 뉴 21'
20210117,o,2021 신축년 맞이 야외조각 전시회 '해피 뉴 21'
20210118,o,2021 신축년 맞이 야외조각 전시회 '해피 뉴 21'
20210119,o,2021 신축년 맞이 야외조각 전시회 '해피 뉴 21'
20210120,o,2021 신축년 맞이 야외조각 전시회 '해피 뉴 21'
20210121,o,2021 신축년 맞이 야외조각 전시회 '해피 뉴 21'
20210122,o,2021 신축년 맞이 야외조각 전시회 '해피 뉴 21'
20210123,o,2021 신축년 맞이 야외조각 전시회 '해피 뉴 21'
20210124,o,2021 신축년 맞이 야외조각 전시회 '해피 뉴 21'
20210125,o,2021 신축년 맞이 야외조각 전시회 '해피 뉴 21'
20210126,o,2021 신축년 맞이 야외조각 전시회 '해피 뉴 21'
20210127,o,2021 신축년 맞이 야외조각 전시회 '해피 뉴 21'
20210128,o,2021 신축년 맞이 야외조각 전시회 '해피 뉴 21'
20210129,o,2021 신축년 맞이 야외조각 전시회 '해피 뉴 21'
20210130,o,2021 신축년 맞이 야외조각 전시회 '해피 뉴 21'
20210131,o,2021 신축년 맞이 야외조각 전시회 '해피 뉴 21'
20210201,o,2021 신축년 맞이 야외조각 전시회 '해피 뉴 21'
20210202,o,2021 신축년 맞이 야외조각 전시회 '해피 뉴 21'
20210203,o,반갑소! 서울동물원에서 즐기소! 
20210204,o,반갑소! 서울동물원에서 즐기소! 
20210205,o,반갑소! 서울동물원에서 즐기소! 
20210206,o,반갑소! 서울동물원에서 즐기소! 
20210207,o,반갑소! 서울동물원에서 즐기소! 
20210208,o,반갑소! 서울동물원에서 즐기소! 
20210209,o,반갑소! 서울동물원에서 즐기소! 
20210210,o,반갑소! 서울동물원에서 즐기소! 
20210211,o,반갑소! 서울동물원에서 즐기소! 
20210212,o,반갑소! 서울동물원에서 즐기소! 
20210213,o,반갑소! 서울동물원에서 즐기소! 
20210214,o,2021 신축년 맞이 야외조각 전시회 '해피 뉴 21'
20210215,o,2021 신축년 맞이 야외조각 전시회 '해피 뉴 21'
20210216,o,2021 신축년 맞이 야외조각 전시회 '해피 뉴 21'
20210217,o,2021 신축년 맞이 야외조각 전시회 '해피 뉴 21'
20210218,o,2021 신축년 맞이 야외조각 전시회 '해피 뉴 21'
20210219,o,2021 신축년 맞이 야외조각 전시회 '해피 뉴 21'
20210220,o,2021 신축년 맞이 야외조각 전시회 '해피 뉴 21'
20210221,o,2021 신축년 맞이 야외조각 전시회 '해피 뉴 21'
20210222,o,2021 신축년 맞이 야외조각 전시회 '해피 뉴 21'
20210223,o,2021 신축년 맞이 야외조각 전시회 '해피 뉴 21'
20210224,o,2021 신축년 맞이 야외조각 전시회 '해피 뉴 21'
20210225,o,2021 신축년 맞이 야외조각 전시회 '해피 뉴 21'
20210226,o,2021 신축년 맞이 야외조각 전시회 '해피 뉴 21'
20210227,o,2021 신축년 맞이 야외조각 전시회 '해피 뉴 21'
20210228,o,2021 신축년 맞이 야외조각 전시회 '해피 뉴 21'
20210301,o,2021 신축년 맞이 야외조각 전시회 '해피 뉴 21'
20210302,o,2021 신축년 맞이 야외조각 전시회 '해피 뉴 21'
20210303,o,2021 신축년 맞이 야외조각 전시회 '해피 뉴 21'
20210304,o,2021 신축년 맞이 야외조각 전시회 '해피 뉴 21'
20210305,o,2021 신축년 맞이 야외조각 전시회 '해피 뉴 21'
20210306,o,2021 신축년 맞이 야외조각 전시회 '해피 뉴 21'
20210307,o,2021 신축년 맞이 야외조각 전시회 '해피 뉴 21'
20210308,o,2021 신축년 맞이 야외조각 전시회 '해피 뉴 21'
20210309,o,2021 신축년 맞이 야외조각 전시회 '해피 뉴 21'
20210310,o,2021 신축년 맞이 야외조각 전시회 '해피 뉴 21'
20210311,o,2021 신축년 맞이 야외조각 전시회 '해피 뉴 21'
20210312,o,2021 신축년 맞이 야외조각 전시회 '해피 뉴 21'
20210313,o,2021 신축년 맞이 야외조각 전시회 '해피 뉴 21'
20210314,o,2021 신축년 맞이 야외조각 전시회 '해피 뉴 21'
20210315,o,2021 공공미술 시민아이디어 구현 시민스토리 공모
20210316,o,2021 공공미술 시민아이디어 구현 시민스토리 공모
20210317,o,2021 공공미술 시민아이디어 구현 시민스토리 공모
20210318,o,2021 공공미술 시민아이디어 구현 시민스토리 공모
20210319,o,2021 공공미술 시민아이디어 구현 시민스토리 공모
20210320,o,2021 공공미술 시민아이디어 구현 시민스토리 공모
20210321,o,2021 공공미술 시민아이디어 구현 시민스토리 공모
20210322,o,2021 공공미술 시민아이디어 구현 시민스토리 공모
20210323,o,2021 신축년 맞이 야외조각 전시회 '해피 뉴 21'
20210324,o,2021 신축년 맞이 야외조각 전시회 '해피 뉴 21'
20210325,o,2021 신축년 맞이 야외조각 전시회 '해피 뉴 21'
20210326,o,2021 신축년 맞이 야외조각 전시회 '해피 뉴 21'
20210327,o,2021 신축년 맞이 야외조각 전시회 '해피 뉴 21'
20210328,o,2021 신축년 맞이 야외조각 전시회 '해피 뉴 21'
20210329,o,2021 신축년 맞이 야외조각 전시회 '해피 뉴 21'
20210330,o,2021 신축년 맞이 야외조각 전시회 '해피 뉴 21'
20210331,o,2021 신축년 맞이 야외조각 전시회 '해피 뉴 21'
20210401,o,2021 신축년 맞이 야외조각 전시회 '해피 뉴 21'
20210402,o,2021 신축년 맞이 야외조각 전시회 '해피 뉴 21'
20210403,o,2021 신축년 맞이 야외조각 전시회 '해피 뉴 21'
20210404,o,2021 신축년 맞이 야외조각 전시회 '해피 뉴 21'
20210405,o,2021 신축년 맞이 야외조각 전시회 '해피 뉴 21'
20210406,o,2021 신축년 맞이 야외조각 전시회 '해피 뉴 21'
20210407,o,2021 신축년 맞이 야외조각 전시회 '해피 뉴 21'
20210408,o,2021 신축년 맞이 야외조각 전시회 '해피 뉴 21'
20210409,o,2021 신축년 맞이 야외조각 전시회 '해피 뉴 21'
20210410,o,2021 신축년 맞이 야외조각 전시회 '해피 뉴 21'
20210411,o,2021 신축년 맞이 야외조각 전시회 '해피 뉴 21'
20210412,o,2021 신축년 맞이 야외조각 전시회 '해피 뉴 21'
20210413,o,2021 신축년 맞이 야외조각 전시회 '해피 뉴 21'
20210414,o,2021 신축년 맞이 야외조각 전시회 '해피 뉴 21'
20210415,o,2021 신축년 맞이 야외조각 전시회 '해피 뉴 21'
20210416,o,2021 신축년 맞이 야외조각 전시회 '해피 뉴 21'
20210417,o,2021 신축년 맞이 야외조각 전시회 '해피 뉴 21'
20210418,o,2021 신축년 맞이 야외조각 전시회 '해피 뉴 21'
20210419,o,2021 신축년 맞이 야외조각 전시회 '해피 뉴 21'
20210420,o,2021 신축년 맞이 야외조각 전시회 '해피 뉴 21'
20210421,o,2021 신축년 맞이 야외조각 전시회 '해피 뉴 21'
20210422,o,2021 신축년 맞이 야외조각 전시회 '해피 뉴 21'
20210423,o,2021 신축년 맞이 야외조각 전시회 '해피 뉴 21'
20210424,o,2021 신축년 맞이 야외조각 전시회 '해피 뉴 21'
20210425,o,2021 신축년 맞이 야외조각 전시회 '해피 뉴 21'
20210426,o,2021 신축년 맞이 야외조각 전시회 '해피 뉴 21'
20210427,o,2021 신축년 맞이 야외조각 전시회 '해피 뉴 21'
20210428,o,2021 신축년 맞이 야외조각 전시회 '해피 뉴 21'
20210429,o,2021 신축년 맞이 야외조각 전시회 '해피 뉴 21'
20210430,o,2021 신축년 맞이 야외조각 전시회 '해피 뉴 21'
20210501,x,
20210502,x,
20210503,x,
20210504,x,
20210505,x,
20210506,x,
20210507,x,
20210508,x,
20210509,x,
20210510,x,
20210511,x,
20210512,x,
20210513,x,
20210514,x,
20210515,x,
20210516,x,
20210517,x,
20210518,x,
20210519,x,
20210520,x,
20210521,x,
20210522,x,
20210523,x,
20210524,o,제8회 서울대공원 장미원 사진공모전
20210525,o,제8회 서울대공원 장미원 사진공모전
20210526,o,제8회 서울대공원 장미원 사진공모전
20210527,o,제8회 서울대공원 장미원 사진공모전
20210528,o,제8회 서울대공원 장미원 사진공모전
20210529,o,제8회 서울대공원 장미원 사진공모전
20210530,o,제8회 서울대공원 장미원 사진공모전
20210531,o,제8회 서울대공원 장미원 사진공모전
20210601,o,제8회 서울대공원 장미원 사진공모전
20210602,o,제8회 서울대공원 장미원 사진공모전
20210603,o,제8회 서울대공원 장미원 사진공모전
20210604,o,제8회 서울대공원 장미원 사진공모전
20210605,o,제8회 서울대공원 장미원 사진공모전
20210606,o,제8회 서울대공원 장미원 사진공모전
20210607,o,제8회 서울대공원 장미원 사진공모전
20210608,o,제8회 서울대공원 장미원 사진공모전
20210609,o,제8회 서울대공원 장미원 사진공모전
20210610,o,제8회 서울대공원 장미원 사진공모전
20210611,o,제8회 서울대공원 장미원 사진공모전
20210612,o,제8회 서울대공원 장미원 사진공모전
20210613,o,제8회 서울대공원 장미원 사진공모전
20210614,o,서울대공원 아카이브 과거 사진공모전
20210615,o,서울대공원 아카이브 과거 사진공모전
20210616,o,서울대공원 아카이브 과거 사진공모전
20210617,o,서울대공원 아카이브 과거 사진공모전
20210618,o,서울대공원 아카이브 과거 사진공모전
20210619,o,서울대공원 아카이브 과거 사진공모전
20210620,o,서울대공원 아카이브 과거 사진공모전
20210621,o,서울대공원 아카이브 과거 사진공모전
20210622,o,서울대공원 아카이브 과거 사진공모전
20210623,o,서울대공원 아카이브 과거 사진공모전
20210624,o,서울대공원 아카이브 과거 사진공모전
20210625,o,서울대공원 아카이브 과거 사진공모전
20210626,o,서울대공원 아카이브 과거 사진공모전
20210627,o,서울대공원 아카이브 과거 사진공모전
20210628,o,서울대공원 아카이브 과거 사진공모전
20210629,o,서울대공원 아카이브 과거 사진공모전
20210630,o,서울대공원 아카이브 과거 사진공모전
20210701,o,서울대공원 아카이브 과거 사진공모전
20210702,o,서울대공원 아카이브 과거 사진공모전
20210703,o,서울대공원 아카이브 과거 사진공모전
20210704,o,서울대공원 아카이브 과거 사진공모전
20210705,o,서울대공원 아카이브 과거 사진공모전
20210706,o,서울대공원 아카이브 과거 사진공모전
20210707,o,서울대공원 아카이브 과거 사진공모전
20210708,o,서울대공원 아카이브 과거 사진공모전
20210709,o,서울대공원 아카이브 과거 사진공모전
20210710,o,서울대공원 아카이브 과거 사진공모전
20210711,o,서울대공원 아카이브 과거 사진공모전
20210712,o,서울대공원 아카이브 과거 사진공모전
20210713,o,서울대공원 아카이브 과거 사진공모전
20210714,o,서울대공원 아카이브 과거 사진공모전
20210715,o,서울대공원 아카이브 과거 사진공모전
20210716,o,서울대공원 아카이브 과거 사진공모전
20210717,x,
20210718,x,
20210719,x,
20210720,x,
20210721,x,
20210722,x,
20210723,x,
20210724,x,
20210725,x,
20210726,x,
20210727,x,
20210728,x,
20210729,x,
20210730,x,
20210731,x,
20210801,x,
20210802,x,
20210803,x,
20210804,x,
20210805,x,
20210806,x,
20210807,x,
20210808,x,
20210809,x,
20210810,x,
20210811,x,
20210812,x,
20210813,x,
20210814,x,
20210815,x,
20210816,x,
20210817,x,
20210818,x,
20210819,x,
20210820,x,
20210821,x,
20210822,x,
20210823,x,
20210824,x,
20210825,x,
20210826,x,
20210827,x,
20210828,x,
20210829,x,
20210830,x,
20210831,x,
20210901,x,
20210902,x,
20210903,x,
20210904,x,
20210905,x,
20210906,x,
20210907,x,
20210908,x,
20210909,x,
20210910,x,
20210911,x,
20210912,x,
20210913,x,
20210914,x,
20210915,x,
20210916,x,
20210917,x,
20210918,x,
20210919,x,
20210920,x,
20210921,x,
20210922,x,
20210923,x,
20210924,x,
20210925,x,
20210926,x,
20210927,x,
20210928,o,2021 '세계동물의 날(10.4)' 기념 교육행사
20210929,o,2021 '세계동물의 날(10.4)' 기념 교육행사
20210930,o,2021 '세계동물의 날(10.4)' 기념 교육행사
20211001,o,2021 '세계동물의 날(10.4)' 기념 교육행사
20211002,o,2021 '세계동물의 날(10.4)' 기념 교육행사
20211003,o,2021 '세계동물의 날(10.4)' 기념 교육행사
20211004,o,2021 '세계동물의 날(10.4)' 기념 교육행사
20211005,x,
20211006,x,
20211007,x,
20211008,x,
20211009,x,
20211010,x,
20211011,x,
20211012,x,
20211013,x,
20211014,x,
20211015,x,
20211016,x,
20211017,x,
20211018,x,
20211019,x,
20211020,x,
20211021,x,
20211022,x,
20211023,x,
20211024,x,
20211025,x,
20211026,x,
20211027,x,
20211028,x,
20211029,x,
20211030,x,
20211031,x,
20211101,x,
20211102,x,
20211103,x,
20211104,x,
20211105,x,
20211106,x,
20211107,x,
20211108,x,
20211109,x,
20211110,x,
20211111,x,
20211112,x,
20211113,x,
20211114,x,
20211115,x,
20211116,x,
20211117,x,
20211118,x,
20211119,x,
20211120,x,
20211121,x,
20211122,x,
20211123,x,
20211124,x,
20211125,x,
20211126,x,
20211127,x,
20211128,x,
20211129,x,
20211130,x,
20211201,x,
20211202,x,
20211203,x,
20211204,x,
20211205,x,
20211206,x,
20211207,x,
20211208,x,
20211209,x,
20211210,o,제6회 동물원 속 미술관 -모두의 동물원 -
20211211,o,제6회 동물원 속 미술관 -모두의 동물원 -
20211212,o,제6회 동물원 속 미술관 -모두의 동물원 -
20211213,o,제6회 동물원 속 미술관 -모두의 동물원 -
20211214,o,제6회 동물원 속 미술관 -모두의 동물원 -
20211215,o,제6회 동물원 속 미술관 -모두의 동물원 -
20211216,o,제6회 동물원 속 미술관 -모두의 동물원 -
20211217,o,제6회 동물원 속 미술관 -모두의 동물원 -
20211218,o,제6회 동물원 속 미술관 -모두의 동물원 -
20211219,o,제6회 동물원 속 미술관 -모두의 동물원 -
20211220,o,제6회 동물원 속 미술관 -모두의 동물원 -
20211221,o,제6회 동물원 속 미술관 -모두의 동물원 -
20211222,o,제6회 동물원 속 미술관 -모두의 동물원 -
20211223,o,제6회 동물원 속 미술관 -모두의 동물원 -
20211224,o,제6회 동물원 속 미술관 -모두의 동물원 -
20211225,o,제6회 동물원 속 미술관 -모두의 동물원 -
20211226,o,제6회 동물원 속 미술관 -모두의 동물원 -
20211227,o,제6회 동물원 속 미술관 -모두의 동물원 -
20211228,o,제6회 동물원 속 미술관 -모두의 동물원 -
20211229,o,제6회 동물원 속 미술관 -모두의 동물원 -
20211230,o,제6회 동물원 속 미술관 -모두의 동물원 -
20211231,o,제6회 동물원 속 미술관 -모두의 동물원 -
20220101,o,제6회 동물원 속 미술관 -모두의 동물원 -
20220102,o,제6회 동물원 속 미술관 -모두의 동물원 -
20220103,o,제6회 동물원 속 미술관 -모두의 동물원 -
20220104,o,제6회 동물원 속 미술관 -모두의 동물원 -
20220105,o,제6회 동물원 속 미술관 -모두의 동물원 -
20220106,o,제6회 동물원 속 미술관 -모두의 동물원 -
20220107,o,제6회 동물원 속 미술관 -모두의 동물원 -
20220108,o,제6회 동물원 속 미술관 -모두의 동물원 -
20220109,o,제6회 동물원 속 미술관 -모두의 동물원 -
20220110,o,제6회 동물원 속 미술관 -모두의 동물원 -
20220111,o,제6회 동물원 속 미술관 -모두의 동물원 -
20220112,o,제6회 동물원 속 미술관 -모두의 동물원 -
20220113,o,제6회 동물원 속 미술관 -모두의 동물원 -
20220114,o,제6회 동물원 속 미술관 -모두의 동물원 -
20220115,o,제6회 동물원 속 미술관 -모두의 동물원 -
20220116,o,제6회 동물원 속 미술관 -모두의 동물원 -
20220117,o,제6회 동물원 속 미술관 -모두의 동물원 -
20220118,o,제6회 동물원 속 미술관 -모두의 동물원 -
20220119,o,제6회 동물원 속 미술관 -모두의 동물원 -
20220120,o,제6회 동물원 속 미술관 -모두의 동물원 -
20220121,o,제6회 동물원 속 미술관 -모두의 동물원 -
20220122,o,제6회 동물원 속 미술관 -모두의 동물원 -
20220123,o,제6회 동물원 속 미술관 -모두의 동물원 -
20220124,o,제6회 동물원 속 미술관 -모두의 동물원 -
20220125,o,제6회 동물원 속 미술관 -모두의 동물원 -
20220126,o,제6회 동물원 속 미술관 -모두의 동물원 -
20220127,o,제6회 동물원 속 미술관 -모두의 동물원 -
20220128,o,제6회 동물원 속 미술관 -모두의 동물원 -
20220129,o,제6회 동물원 속 미술관 -모두의 동물원 -
20220130,o,제6회 동물원 속 미술관 -모두의 동물원 -
20220131,o,제6회 동물원 속 미술관 -모두의 동물원 -
20220201,o,제6회 동물원 속 미술관 -모두의 동물원 -
20220202,o,제6회 동물원 속 미술관 -모두의 동물원 -
20220203,o,제6회 동물원 속 미술관 -모두의 동물원 -
20220204,o,제6회 동물원 속 미술관 -모두의 동물원 -
20220205,o,제6회 동물원 속 미술관 -모두의 동물원 -
20220206,o,제6회 동물원 속 미술관 -모두의 동물원 -
20220207,o,제6회 동물원 속 미술관 -모두의 동물원 -
20220208,o,제6회 동물원 속 미술관 -모두의 동물원 -
20220209,o,제6회 동물원 속 미술관 -모두의 동물원 -
20220210,o,제6회 동물원 속 미술관 -모두의 동물원 -
20220211,o,제6회 동물원 속 미술관 -모두의 동물원 -
20220212,o,제6회 동물원 속 미술관 -모두의 동물원 -
20220213,o,제6회 동물원 속 미술관 -모두의 동물원 -
20220214,o,제6회 동물원 속 미술관 -모두의 동물원 -
20220215,o,제6회 동물원 속 미술관 -모두의 동물원 -
20220216,o,제6회 동물원 속 미술관 -모두의 동물원 -
20220217,o,제6회 동물원 속 미술관 -모두의 동물원 -
20220218,o,제6회 동물원 속 미술관 -모두의 동물원 -
20220219,o,제6회 동물원 속 미술관 -모두의 동물원 -
20220220,o,제6회 동물원 속 미술관 -모두의 동물원 -
20220221,o,제6회 동물원 속 미술관 -모두의 동물원 -
20220222,o,제6회 동물원 속 미술관 -모두의 동물원 -
20220223,o,제6회 동물원 속 미술관 -모두의 동물원 -
20220224,o,제6회 동물원 속 미술관 -모두의 동물원 -
20220225,o,제6회 동물원 속 미술관 -모두의 동물원 -
20220226,o,제6회 동물원 속 미술관 -모두의 동물원 -
20220227,o,제6회 동물원 속 미술관 -모두의 동물원 -
20220228,o,(학생)2022 서울대공원 ‘꽃의 숲’ 학생정원 작품공모
20220301,o,(학생)2022 서울대공원 ‘꽃의 숲’ 학생정원 작품공모
20220302,o,(학생)2022 서울대공원 ‘꽃의 숲’ 학생정원 작품공모
20220303,o,(학생)2022 서울대공원 ‘꽃의 숲’ 학생정원 작품공모
20220304,o,(학생)2022 서울대공원 ‘꽃의 숲’ 학생정원 작품공모
20220305,o,(학생)2022 서울대공원 ‘꽃의 숲’ 학생정원 작품공모
20220306,o,(학생)2022 서울대공원 ‘꽃의 숲’ 학생정원 작품공모
20220307,o,(학생)2022 서울대공원 ‘꽃의 숲’ 학생정원 작품공모
20220308,o,(학생)2022 서울대공원 ‘꽃의 숲’ 학생정원 작품공모
20220309,o,(학생)2022 서울대공원 ‘꽃의 숲’ 학생정원 작품공모
20220310,o,(학생)2022 서울대공원 ‘꽃의 숲’ 학생정원 작품공모
20220311,o,(학생)2022 서울대공원 ‘꽃의 숲’ 학생정원 작품공모
20220312,o,(학생)2022 서울대공원 ‘꽃의 숲’ 학생정원 작품공모
20220313,o,(학생)2022 서울대공원 ‘꽃의 숲’ 학생정원 작품공모
20220314,o,(학생)2022 서울대공원 ‘꽃의 숲’ 학생정원 작품공모
20220315,o,(학생)2022 서울대공원 ‘꽃의 숲’ 학생정원 작품공모
20220316,o,(학생)2022 서울대공원 ‘꽃의 숲’ 학생정원 작품공모
20220317,o,(학생)2022 서울대공원 ‘꽃의 숲’ 학생정원 작품공모
20220318,o,(학생)2022 서울대공원 ‘꽃의 숲’ 학생정원 작품공모
20220319,o,(학생)2022 서울대공원 ‘꽃의 숲’ 학생정원 작품공모
20220320,o,(학생)2022 서울대공원 ‘꽃의 숲’ 학생정원 작품공모
20220321,o,(학생)2022 서울대공원 ‘꽃의 숲’ 학생정원 작품공모
20220322,o,(학생)2022 서울대공원 ‘꽃의 숲’ 학생정원 작품공모
20220323,o,(학생)2022 서울대공원 ‘꽃의 숲’ 학생정원 작품공모
20220324,o,(학생)2022 서울대공원 ‘꽃의 숲’ 학생정원 작품공모
20220325,o,(학생)2022 서울대공원 ‘꽃의 숲’ 학생정원 작품공모
20220326,o,(학생)2022 서울대공원 ‘꽃의 숲’ 학생정원 작품공모
20220327,o,(학생)2022 서울대공원 ‘꽃의 숲’ 학생정원 작품공모
20220328,o,(학생)2022 서울대공원 ‘꽃의 숲’ 학생정원 작품공모
20220329,o,(학생)2022 서울대공원 ‘꽃의 숲’ 학생정원 작품공모
20220330,o,(학생)2022 서울대공원 ‘꽃의 숲’ 학생정원 작품공모
20220331,o,(학생)2022 서울대공원 ‘꽃의 숲’ 학생정원 작품공모
20220401,o,서울대공원 꽃의 숲 산책
20220402,o,서울대공원 꽃의 숲 산책
20220403,o,서울대공원 꽃의 숲 산책
20220404,o,서울대공원 꽃의 숲 산책
20220405,o,서울대공원 꽃의 숲 산책
20220406,o,서울대공원 꽃의 숲 산책
20220407,o,서울대공원 꽃의 숲 산책
20220408,o,서울대공원 꽃의 숲 산책
20220409,o,서울대공원 꽃의 숲 산책
20220410,o,서울대공원 꽃의 숲 산책
20220411,o,서울대공원 꽃의 숲 산책
20220412,o,서울대공원 꽃의 숲 산책
20220413,o,서울대공원 꽃의 숲 산책
20220414,o,서울대공원 꽃의 숲 산책
20220415,o,서울대공원 꽃의 숲 산책
20220416,o,서울대공원 꽃의 숲 산책
20220417,o,서울대공원 꽃의 숲 산책
20220418,o,서울대공원 꽃의 숲 산책
20220419,o,서울대공원 꽃의 숲 산책
20220420,o,서울대공원 꽃의 숲 산책
20220421,o,서울대공원 꽃의 숲 산책
20220422,o,서울대공원 꽃의 숲 산책
20220423,o,서울대공원 꽃의 숲 산책
20220424,o,서울대공원 꽃의 숲 산책
20220425,o,서울대공원 꽃의 숲 산책
20220426,o,서울대공원 꽃의 숲 산책
20220427,o,서울대공원 꽃의 숲 산책
20220428,o,서울대공원 꽃의 숲 산책
20220429,o,서울대공원 꽃의 숲 산책
20220430,o,서울대공원 꽃의 숲 산책
20220501,o,‘어린이가 만드는 어린이정원’ 참가자 100명 모집
20220502,o,‘어린이가 만드는 어린이정원’ 참가자 100명 모집
20220503,o,‘어린이가 만드는 어린이정원’ 참가자 100명 모집
20220504,o,‘어린이가 만드는 어린이정원’ 참가자 100명 모집
20220505,x,
20220506,x,
20220507,x,
20220508,x,
20220509,x,
20220510,x,
20220511,x,
20220512,x,
20220513,x,
20220514,x,
20220515,x,
20220516,x,
20220517,x,
20220518,x,
20220519,x,
20220520,x,
20220521,x,
20220522,x,
20220523,x,
20220524,x,
20220525,x,
20220526,x,
20220527,x,
20220528,o,"서울대공원 정원문화행사 ‘일상다,정원’"
20220529,o,"서울대공원 정원문화행사 ‘일상다,정원’"
20220530,o,"서울대공원 정원문화행사 ‘일상다,정원’"
20220531,o,"서울대공원 정원문화행사 ‘일상다,정원’"
20220601,o,"서울대공원 정원문화행사 ‘일상다,정원’"
20220602,o,"서울대공원 정원문화행사 ‘일상다,정원’"
20220603,o,"서울대공원 정원문화행사 ‘일상다,정원’"
20220604,o,"서울대공원 정원문화행사 ‘일상다,정원’"
20220605,o,"서울대공원 정원문화행사 ‘일상다,정원’"
20220606,o,"서울대공원 정원문화행사 ‘일상다,정원’"
20220607,o,"서울대공원 정원문화행사 ‘일상다,정원’"
20220608,o,"서울대공원 정원문화행사 ‘일상다,정원’"
20220609,o,"서울대공원 정원문화행사 ‘일상다,정원’"
20220610,o,"서울대공원 정원문화행사 ‘일상다,정원’"
20220611,o,"서울대공원 정원문화행사 ‘일상다,정원’"
20220612,o,"서울대공원 정원문화행사 ‘일상다,정원’"
20220613,x,
20220614,x,
20220615,x,
20220616,x,
20220617,x,
20220618,x,
20220619,x,
20220620,x,
20220621,x,
20220622,x,
20220623,x,
20220624,x,
20220625,x,
20220626,x,
20220627,x,
20220628,x,
20220629,x,
20220630,x,
20220701,x,
